read,reply,title,date,like_count,fan
93,0,基于当前政策导向、市场资金动向及宏观经济环境，结合两会最新信息，对2025年3月,2024-03-05,0,10
112,3,医药股年后虽弱于大盘，但已出现政策、资金、估值三重底部信号，高低切换具备合理性。,2024-03-05,1,17
3203,1,重磅利好！三大指数集体收涨，银行券商集体走强，机器人股持续上涨，内资净流出超187亿！,2024-03-06,0,9
238,0,科创板会复制当年创业板的牛市吗？,2024-03-05,0,1678
382,3,ai医疗医疗器械大突破应该也在酝酿了，没必要等到主力点火才进场，先潜伏两层仓位_新华医疗(600587),2024-03-05,4,38
1600,25,报告解析2025年重要投资方向,2024-03-06,0,12
17000,8,逐句拆解工作报告！15个重点任务背后投资机会分析！,2024-03-06,0,2
1184,1,两会倒计时！六大政策风口提前曝光！‘人工智能+’狂掀涨停潮，这些板块即将暴力拉升！,2024-03-05,0,69
80,0,“人工心脏”企业核心医疗启动A股IPO,2024-03-04,0,4551
46,0,让瘫痪者重新行走 复旦全球首创的脑嵴接口技术如何跨越技术难点？,2024-03-04,0,4551
55,0,机构调仓动作频频 资金流向三大赛道,2024-03-03,0,4551
64,1,---#**一、国家政策背景解析**1.**医疗水处理安全标准升级**-《医疗机,2024-03-03,0,44
37,0,实现算力业务板块营业收入和业务格局的“双突破” 算力概念股20CM涨停 本周机构密集调研相关上市公司,2024-03-03,0,4551
12000,17,策略丨吓尿！这个方向再不跑就来不及了！清仓清仓清仓！,2024-03-01,0,5
181,1,瑞德智能301135真正的半导体上市公司传感器据2024年6月28日互动易:公司,2024-02-28,0,7
45,3,民航业重磅！三部门发布关于进一步促进航空口岸通关便利化若干措施2025年02月2,2024-02-28,0,1912
24,0,科创板擎动中国“芯”力量助力集成电路产业迈向新征程,2024-02-26,0,4551
2524,4, A股指数缩量暗藏玄机！资金惊现变盘信号？ ,2024-02-25,0,1964
87,0,根据2025年2月24日最新收盘数据及市场动态，结合当前技术面、资金面和政策面因,2024-02-24,0,10
7139,15,灵巧手横空出世，利好这些相关的上市公司,2024-02-27,0,11
661,4,请读者朋友关注最美财经博主：猫神小师妹，是你打好翻身仗的第一步，每天深度解析市场,2024-02-25,0,3
318,4,逢低补仓持股待涨，延续“春耕”行情！,2024-03-05,0,3
243,1,AI赋能康拓医疗,2024-02-23,0,173
485,0,康拓医疗参股的上海临韵智达智能科技有限公司：仿真机器人上游核心供应商，将受益于未来爆发式增长,2024-02-22,0,173
159,0,A股周四早盘走势分析及午后投资策略探讨,2024-02-21,0,6911
320,1,本周前三日，小米股价持续上涨，上涨幅度超过10%，雷军“躺赚”300亿！近一年，,2024-02-21,0,795
175,2,狂涨 5.16%！科创 50 强势破局，创 924 行情新高,2024-02-21,0,44
42000,118,蛰伏三年，这个板块终于要柳暗花明了？,2024-02-20,0,1163
638,0,今日重要信息,2024-02-19,0,1419
177,0,《2025年稳外资行动方案》：推动生物医药领域有序开放,2024-02-19,0,487
288,1,鼓励外资在华开展股权投资，抓好《外国投资者对上市公司战略投资管理办法》落实，引导更多优质外资长期投资我国上市公司,2024-02-19,0,1419
122,1,证券分析师看好2025年医药医疗行业的表现，尤其AI+医疗将带动股价进一步上涨。,2024-02-18,0,29
65,1,趋势分析短期上升趋势延续：上证指数当前处于日线级别上升趋势，2月17日收盘点位3,2024-02-18,0,39
589,11,>AI医疗龙头其Ai系统已通过欧美FDA、CE及CFDA认证，并应用于国内外近千,2024-02-18,0,119
2600,9,终于等到你，还好没放弃_永赢中证全指医疗器械ETF发起联接C(of013416),2024-02-22,10,6636
210,1,今天是2025年2月17日，以下是关于今日股市的一些重要信息：#1.**A股市场,2024-02-17,0,8
4119,6,AI发酵！医药补涨，起飞在即！加仓了,2024-02-17,0,6
370,4,万邦医药作为一家以创新药研发和中药现代化为核心的企业，通过DeepSeek布局A,2024-02-18,0,15
746,5,中科信息在AI医疗领域的布局聚焦于**智能诊疗辅助**和**虚拟仿真教学**两大,2024-02-18,0,15
413,1,昆仑资本投资了很多生物医药企业。但持仓基本都不多。比如和元生物大概550万股。其,2024-02-16,0,65
179,0,节后机构调研前21股名单。,2024-02-16,0,2520
249,1,洗盘之后继续上攻3418 ？,2024-02-16,0,3
425,0,周末又出重磅利好，周一大盘预测：涨！,2024-02-16,0,4444
934,0,DeepSeek引爆AI医疗！一文读懂未来价值走向！探寻细分行业机遇！,2024-02-14,0,1824
110,0,2025年2月14日百盟投资笔记,2024-02-14,0,28
353,5,2月实盘-2.14收益51.87%每日分享，一生只热爱一件事,2024-02-15,0,1332
86,1,共8方面！上海发布新一轮政策举措，推动经济持续回升向好2月13日，据上海市发改委,2024-02-13,0,288
120,0,中国优质价值市场,2024-02-13,0,119
374,1,泰格医药（Tigermed）作为中国领先的CRO（合同研究组织）企业，其核心业务,2024-02-11,0,3856
85,0,继续加仓医疗板块，创新药，医疗器械。,2024-02-11,0,29
75,0,特斯拉上海储能超级工厂即将投产、雷克萨斯独资新工厂落地上海金山、英普亿集团两个产,2024-02-11,0,411
159,1,国常会研究提振消费和稳外资工作，提出一系列政策措施，包括支持居民增收、优化消费环,2024-02-11,0,378
284,6,“投早投小，投硬科技”布局已定，科创板块一季度惊喜几何？,2024-02-11,0,5
63,0,非动力核技术龙头迈向高端,2024-02-10,0,4551
1419,3,香雪制药遭预重整，73%负债率居行业榜首(附智能分析报告),2024-02-10,0,24
147,1,紧急速览！今日 A 股交易数据全解析，潜力板块一网打尽,2024-02-10,0,1987
486,1,DeepSeek继续抱团轮动！指数上攻未结束，还有哪些机会？,2024-02-10,0,5
2690,4,医药板块何时能走出ICU？,2024-02-11,0,10
427,0,最强主力携2000亿巨资进场！2板块本周有好戏！,2024-02-10,0,5604
215,1,今天收小阳，明天开始下跌，注意创新药和医疗器械,2024-02-10,0,160
251,3,今年的主题是医药+医疗器械，别问我为什么，因为跌多必大涨，涨多必大跌，支持点赞的,2024-02-09,1,1097
177,0,一、麦迪科技在医疗康养机器人领域的进展1.**战略合作与技术整合**麦迪科技通过,2024-02-09,0,62
493,1,早报：20250209周日早上好,2024-02-09,0,1015
4199,26,今天问DeepSeek新手小白，如果想长期投资大A，第一要求本金安全，第二也是要,2024-02-09,0,4143
58,0,整理行业板块概念,2024-02-07,0,119
91,0,淡化指数，关注价值投资领域，坚定看好医疗器械板块，高价值人才的聚集地，行业精英面,2024-02-07,2,7
339,0,今天市场呈现普涨格局，然而大盘高开低走，未能实现开门红，着实令人遗憾与揪心。罪魁,2024-02-05,0,2
195,3,散户与机构博弈中的取胜之道-来自DeepSeek的观点,2024-02-03,0,94
61000,168,中国大模型DeepSeek对A股的影响及相关概念股全解析,2024-03-05,0,1
157,0,【中欧基金经理新观点！】,2024-01-23,0,4454
754,7,关于请求修订《非上市公众公司收购管理办法》的建议,2024-02-11,0,0
87,0,生物医药，医疗器械，买，买，买,2024-01-22,2,29
12000,39,特大利好，工信部和国新办发布重磅信息，明天稳了？,2024-01-22,0,1
231,1,热门强势股,2024-01-21,0,3028
3960,36,港股抢跑，预示今晚美特上台对我国资本市场的影响方向,2024-01-22,0,12
1134,1,出海出海！一片蓝海。,2024-02-18,0,1127
466,3,侨水策略早参,2024-01-17,0,3632
332,0,【上海板块将有一波行情！】,2024-01-17,0,4454
612,2,历史新高！2025年开年创新药再获政策支持？,2024-01-16,0,8142
555,2,1月16日A股猛料：重要数据落地外围市场剧震！周四A股不会平静！,2024-01-16,0,5604
238,2,锁定未来，智取价值——2分钟了解新华安享多裕！,2024-02-22,0,11
51,0,创新药，医疗器械午后暴涨，买，买，买。,2024-01-15,0,29
229,5,缩量十字星 明天会上涨吗？,2024-01-14,0,127
221,1,一大批龙头已经跌回牛市起点，甚至创出新低了!中国太保，保险龙头，回到牛市起点；迈,2024-01-13,0,1478
83,0,2025.1.13涨幅榜,2024-01-13,0,325
1487,23,特大利好，高盛预测还能涨20%，大A剑指3800？,2024-01-14,0,1
884,1,一大批龙头已经跌回牛市起点，甚至创出新低了中国太保，保险龙头，回到牛市起点迈瑞医,2024-01-12,0,14
3048,9,A股未来牛市的主线，不会是券商，也不会是房地产，具备大行情持久性需要具备几个条件。,2024-01-12,0,1
2872,9,盈利最强的10家公司（2025最新版）,2024-01-14,0,3
126,0,【印刷线路板率先启动！】,2024-01-10,0,4454
272,1,TF（517110）涨超1%2025年01月09日10:36来源：每日经济新闻创,2024-01-09,0,32
133,0,2025年1月8日百盟的投资笔记,2024-01-08,0,28
361,1,1月8日涨停复盘算力603269海鸥股份--3板-----数据中心+核电6030,2024-01-08,0,5692
989,2,1.8号百万基金操作：决定了！榕哥动手抄底！,2024-01-08,0,3
530,2,1月8日盘前要闻一、个股公告中国船舶：国务院国资委等主管部门原则同意本次重大资产,2024-01-08,0,2
707,2,1.7操作：大动作！加仓6位数，玩一波大的！,2024-01-07,0,3
687,1,【人往高处走 资金低处流！】,2024-01-07,0,4454
2682,17,流感肆虐，中国自己的抗甲流神药迟迟不批，还待何时？,2024-01-10,0,5
9214,77,一句话，A50直线爆拉，明天稳了，利好密集来袭，迎接真牛市,2024-01-07,0,2
187,2,2025年1月6日百盟的投资笔记,2024-01-06,0,28
575,1,医药利好不断，年前医药生物有望迎来史上最强春季躁动？,2024-01-06,0,1
932,7,周末暖风频吹，今天A股如何反应？,2024-01-06,0,708
414,0,侨水策略财经早参,2024-01-06,0,3632
264,0,【机构复盘分享】利好多重叠加，这个题材不得不得看！_东方财富网股吧,2024-01-06,0,431
2848,3,1月6日早盘重要财经资讯汇总 ,2024-01-06,0,12
741,7,降准降息牛市继续,2024-01-06,0,282
16000,70,深夜突发！A股开市前2大消息引爆，央妈等重磅发声，下周行情稳了？,2024-01-11,0,8347
198,1,上周是个不眠之夜，屋漏偏逢连夜雨的走势，一波三折下来，四个交易日跌了三天，名副其,2024-01-05,0,5591
3835,19,周末利好消息来了，下周A股会让你目瞪口呆！,2024-01-05,0,4771
434,1,周末利好！下周，A股要回升？！,2024-01-05,0,77
7340,19,周末六大消息影响下周走势！ ,2024-01-05,0,12
191,0,近一周机构调研21股名单。,2024-01-04,0,2520
60,0,从这个周末我想把自己自选里面的股票都删除，想请各位大佬推荐2025年可以拿的几个,2024-01-04,0,75
49,0,2024年9月济民健康603222下属的博鳌国际医院再生医学研究中心迎接日本厚生,2024-01-04,2,36
59,0,锗矿严重缺货，价格还的涨，2025年主线是有色（小金属），无人机，人工智能，6G,2024-01-04,0,145
1439,3,从公告看德展健康：养老产业扩张与银发经济融合,2024-01-04,0,624
86,0,国办印发《关于全面深化药品医疗器械监管改革促进医药产业高质量发展的意见》,2024-01-04,0,2
1118,4,三大原因导致！A股连跌3天！,2024-01-05,0,17
9907,53,"夜深了,一片看空!央行宣布:择机降准降息!证监会新动作,今夜消息8条,1月低点何时出现?",2024-01-04,0,4658
123,0,【A股不见开门红！】,2024-01-03,0,4454
1560,10,DeepseekAI展望大A:2025年A股牛市展望A股有牛市吗？根据多家券商和,2024-01-02,0,94
492,1,回调就是给机会,2024-12-31,0,119
1980,1,德展健康公告深度解读：流拍背后的价值洞察与发展机遇以及案例分析,2024-12-31,0,624
75,0,光伏设备板块和医疗器械板块跌的裤衩都没了,2024-12-30,1,24
2409,9,切入多条热门赛道，多条牌照，中核苏阀科技实业股份有限公司关于筹划发行股份购买资产,2024-12-30,0,487
48,0,医药，医疗器械巳具备长期投资价值，低吸，低吸。,2024-12-27,0,29
90,0,三诺生物公告，公司于近日收到湖南省药监局颁发的血糖尿酸血脂仪医疗器械注册证。血糖,2024-12-26,0,4551
92,0,【盘前题材挖掘】三部门鼓励开发“人工智能+”研发设计软件，工业大模型有望加速落地,2024-12-26,0,245
1162,2,创新药‘反击战’正酣，年终盘点揭秘2025投资新热点！,2024-12-26,0,624
732,1,利好越多跌的越猛？A股到底怎么了！,2024-12-26,0,17
1052,4,今作小记,2024-12-26,0,1653
421,1,12月25日涨停复盘机器人002067景兴纸业--2板-----间接投资宇树科技,2024-12-25,0,2
7958,169,突发特大利好，就在大A站上3400，A50直线拉升，牛市来了？,2024-12-27,0,1
3379,9,注意了！A昨天缩量大涨，全天1.32万亿量能，创10月以来新低！,2024-12-25,0,3
260,4,特大利好，中信发文，涨停板大揭秘，后市如何？,2024-12-25,0,1
832,2,今天的A股，全靠自己表现，大盘已到3400点重要关口，不得不突破，主要说几点大家关心的问题。,2024-12-25,0,1
240,1,特大利好，国常会发布重大信息，今天医药爆发？,2024-12-25,0,1
125,1,盘前消息分享！！！！,2024-12-25,0,2992
231,0,【医疗器械智能化！】,2024-12-25,0,4454
71,0,今天医药和医疗器械要上台表演一下了，至于持续性能有几天，看市场情绪，我喜欢明徳在,2024-12-25,0,399
689,4,今天的A股，全靠自己表现，大盘已到3400点重要关口，不得不突破，主要说几点大家,2024-12-25,0,2
459,2,12月25日早报：大盘强修复，3400点闯关之战开启！,2024-12-25,0,3441
1675,2,盘后又有重磅利好，上海又有大动作，今天（12.25）A股走势剧本已经出来了，不带犹豫的。,2024-12-25,0,3
487,2,2025逻辑发生改变，避开垃圾股！,2024-12-26,0,3
9744,71,今日主要方向！,2024-12-27,0,2
6357,20,12.25早评|医药深夜突发利好！A股有救了？,2024-12-25,0,17
19000,46,突发！券商接受调查，医药迎来转机？明天A股要上3500点？,2024-12-25,0,7486
102,1,20241225关注方向,2024-12-25,0,3
9486,29,深夜紧急回应！A股上涨稳了？,2024-01-01,0,17
98,2,2024年12月24日百盟的投资笔记,2024-12-24,0,28
1592,13,近10个交易日股票涨幅榜前30排名！你们懂得啥意思。,2024-12-24,0,3
62,0,关注创新药，医疗器械,2024-12-20,0,29
91,0,2024年12月19日百盟的投资笔记,2024-12-19,0,28
391,0,沪指3280点：未来可能诞生十倍牛股的关键板块,2024-12-18,0,1891
11000,36,策略丨预判成功！A股如期反弹，新一轮大涨行情启动！千万别选错方向！,2024-12-19,0,5
191,0,人脑工程医疗龙头，创新医疗有望持续走高，低位龙头股修复医疗板块！！！,2024-12-18,0,20
749,2,《康拓医疗：人类将实现仿生人形式的“永生”》,2024-12-24,0,173
1367,8,12月16日股市涨停板梯队！（首板和非连板）,2024-12-16,0,3
96,0,20241216关注方向,2024-12-15,0,3
1611,8,坚决贯彻慢牛的理邦仪器,2024-12-31,0,12
172,0,各位，九部门发布银发经济，今天养老金利好，最利好的就是医疗器械啊！还有鹿得医疗有,2024-12-13,0,199
135,0,【未来三年上海重点支持三大产业！】,2024-12-13,0,4454
260,0,神奇制药属于化学板块有重组预期，价格低，刚启动，记者梳理显示，444家上海上市公,2024-12-11,0,266
133,0,盘前重要热门板块速递！！！！,2024-12-11,0,2992
1066,0,【上海股批量成妖的时机已经成熟！】,2024-12-11,0,4454
823,2,【上海100亿并购基金！】,2024-12-11,0,4454
970,1,《人与AI和人形机器人的竞争：神经外科生物医药需求的增长》,2024-12-24,0,173
219,0,还是去看看C英思特吧，301622，董秘回复：公司是稀土永磁高新技术企业，客户是,2024-12-10,0,9
223,2,瑞银重仓埋伏了10个低价股，股价不足4元，直接买成十大股东,2024-12-08,0,1891
200,0,【基金经理加速布局创新药！】,2024-12-07,0,4454
12000,36,策略丨重磅，管理层大动作！摔杯未号！全面抄底！,2024-12-08,0,5
769,1,起飞！A股神秘力量已入场，下周稳了？,2024-12-06,0,1
1016,5,量能明显增加，大盘强势突破3400点，拿稳继续搏大阳！_国融融盛龙头严选混合C(of006719),2024-12-12,16,4
707,1,《康拓医疗：仿生人PEEK骨骼开辟公司新应用》,2024-12-06,0,173
693,1,《康拓医疗：不炒作热点概念，踏踏实实不断发展、做大做强》,2024-12-06,0,173
244,1,【12.6市场数据】：融资盘再创新高,2024-12-06,0,228
102,0,【6124行情涨20倍的医药股比比皆是！】,2024-12-06,0,4454
210,1,大盘震荡上行个股呈现跌多涨少，资金小幅流入跟随热点稳健赚钱,2024-12-04,0,129
165,0,阿为特 未来可期！,2024-12-03,0,400
315,0,科普：阿为特有什么发展潜力?,2024-12-03,0,400
232,0,【增持回购贷款14股！】,2024-12-01,0,4454
236,1,3285未破不看空，3370未突破看反弹震荡。本周下半周是人为蓄意护盘和拉升也好,2024-11-30,1,691
13000,80,认同林园看法！健康三大病死亡焦虑，才是最大的投资机会,2024-12-15,0,5
392,0,天风证券：大消费行业投资策略，消费刺激政策主题研究报告之，2025会成为消费大年吗？241123,2024-11-30,0,1586
2869,1,本周反复争夺3300点，下周还能站稳吗？,2024-11-29,0,10
3954,3,11月29日A股猛料：中办、国办连续发文维稳！涉及3板块将迎大爆发,2024-11-29,0,1
787,0,《如果康拓医疗与衷华脑机合作，将推动植入式脑机接口更好更快普及》,2024-11-29,0,173
926,2,今日连板池1、南京化纤，9天9板，涨停逻辑：并购重组+南京国企+参股券商2、二六,2024-11-28,0,4
828,2,《康拓医疗：争做中国股市里的长跑健将》,2024-11-29,0,173
200,1,天风证券：大消费行业投资策略，消费刺激政策主题研究报告之，2025会成为消费大年吗？241123,2024-11-28,0,1586
1714,10,发生什么了？A股绝对反击！原因找到！,2024-11-27,0,17
362,4,深交所制定的创业板IPO审核指南揭示未来鼓励发展方向,2024-11-27,0,12
4698,26,A股继续缩量，反弹无力，割肉离场？还是抄底机会？满仓空仓的如何选择？,2024-11-27,0,549
3460,14,今天的A股让多头没有信心，让空头也不安心，却让想要慢牛的感受到很舒心。,2024-11-27,0,1
864,1,《陕西省：举全省之力助推康拓医疗成为百亿市值级公司》,2024-11-26,0,173
695,6,关键位置又要到了，周三前绝地反弹？,2024-12-02,0,3
709,0,科技的发展迎合了人的切实需求才会激发强劲的经济增长，这可以微分到每个人来看，如果_康拓医疗(688314),2024-11-25,3,173
1607,47,【何时“药”再来？】,2024-12-08,0,4454
221,1,天风证券：大消费行业投资策略，消费刺激政策主题研究报告之，2025会成为消费大年吗？241123,2024-11-27,0,1586
99,0,荣获“新质生产力50强”，东方钽业新质生产力如何锻造？,2024-11-24,0,711
100,0,三友医疗(688085)11月24日晚间公告，控股子公司北京水木天蓬医疗技术有限,2024-11-24,0,4551
786,0,【每日复盘20241122】黑天鹅,2024-11-22,0,1455
323,1,2024年11月22日A股收盘分析,2024-11-22,0,346
1074,12,请读者朋友关注最美财经博主：猫神小师妹，是你打好翻身仗的第一步，每天深度解析市场,2024-11-23,0,3
239,1,11. 22复盘记录：三大指数集体收跌受挫，是好还是坏？,2024-11-22,0,13
347,2,反弹乏力不及预期，要不要减仓防风险？,2024-11-22,0,3522
4530,3,11月21日A股猛料：工信部印发重要文件！利好4板块将迎爆发元年！,2024-11-21,0,1
784,1,康拓医疗：3D打印PEEK颅骨可以很好地容纳保护脑机接口装置，未来有望与华为等公司在该方面进行深度合作,2024-11-21,0,173
96,0,港股今天医药股和医疗器械占据资金流入和涨幅前三名我们明天跟吗？请指教。,2024-11-21,0,1338
286,0,【医药周周观】马君：医保预付新政推出，高质量发展行稳致远,2024-11-20,0,8142
934,4,周三上午A股盘面亮点多，行情稳了？关键特征及后续走势全解析！,2024-11-20,0,1
837,1,《康拓医疗：未来PEEK人造颅骨将为脑机接口的电池、芯片、信息传输装置等部件提供很好的容纳保护》,2024-11-20,0,173
725,1,创业板中许多绩优低市盈率滞涨股，补涨要求强烈，所以上涨力度强，强烈关注这些创业板,2024-11-20,1,3291
81,0,【余承东：华为新款血压表通过多国医疗器械认证】11月19日，华为官宣新款血压表W,2024-11-19,1,4551
44,0,明天暴涨关注医药医疗器械物流互联网人工智能,2024-11-19,0,16
36,0,明天暴涨明天暴涨关注医药医疗器械物流互联网人工智能,2024-11-19,0,16
524,2,【11.19】盘前数据：割肉力度一般,2024-11-19,0,228
213,0,【百亿私募仓位指数创新高！】,2024-11-18,0,4454
261,0,【医药高研发高增长23股？】,2024-11-18,0,4454
136,3,归来,2024-11-14,0,43
1246,13,请读者朋友关注最美财经博主：猫神小师妹，是你打好翻身仗的第一步，每天深度解析市场,2024-11-14,0,3
433,4,11. 14复盘记录：三大指数再次集体大跌，大牛还在吗？,2024-11-15,0,13
801,6,今天压力太大了原创赵灵儿笔记赵灵儿笔记2024年11月14日15:10江苏听全文,2024-11-14,0,1
912,5,复旦复华或其关联企业在AI医疗领域有着显著的应用和产品，以下是一些具体实例：一、,2024-01-22,0,1558
13000,19,A股大跳水！傍晚突传大消息，明天还有狂风暴雨？,2024-11-15,0,1
506,1,中信证券：A股当前正站在跨年度级别超级大牛市马拉松行情的起跑线上！像不像李大霄的话风,2024-11-12,0,1
1936,15,厉害吧！周二的A股果然再次在我给出的范围里面震荡反弹。,2024-11-12,0,1
919,1,对于统计局11月公布的经济数据总结分析和投资机会挖掘！,2024-11-11,0,803
972,4,《康拓医疗：脑机接口新征程的畅想与并购重组的未来展望》,2024-11-11,0,173
1165,15,大盘到压力位了3489是压力，券商高开低走，这里要有一波大的回撤了3489的压力,2024-11-16,0,457
3285,10,今天周五马上开盘了，有几个板块，大家需要注意一下。,2024-11-08,0,5650
424,0,【季报解读】金信价值精选混合三季报解读,2024-11-07,0,2
61,0,医药医疗器械强势,2024-11-07,0,100
549,1,国资委鼓励，浩欧博之后，押注下一个医药行业并购重组：康拓医疗！_康拓医疗(688314),2024-11-07,2,173
582,1,《康拓医疗：投身植入式脑机接口领域，开拓医疗新未来》,2024-11-06,0,173
149,1,33家百亿元级私募三季度重仓221家A股公司随着A股上市公司2024年三季报披露,2024-11-05,0,13
111,0,A股市场全线拉升，沪指重新站上3300点，创业板指数大涨62点,2024-11-04,0,2366
2033,2,中国的15家科技公司,2024-11-03,0,586
754,3,A股近一周机构看好这21股。,2024-11-03,0,2520
81,0,随着A股上市公司三季报正式收官，百亿私募持仓数据正式出炉。私募排排网数据显示，截,2024-11-03,0,4551
1341,3,A股:所有散户请注意，据我预判，蓄势以后必大变盘！,2024-11-02,0,6698
404,0,【百亿私募调仓换股！】,2024-11-02,0,4454
128,0,上海：支持生物医药企业在细胞和基因治疗、核酸药物、脑机接口、AI+医药等领域和新,2024-10-31,0,189
501,4,落地之前都是情绪，控制好仓位耐心持股！,2024-11-01,0,3
1631,4,【四川长虹3连板 华为概念再爆发！】,2024-10-31,0,4454
292,0,【不畏大盘下跌 高位股批量“地天板”！】,2024-10-31,0,4454
420,1,妖股横行！,2024-10-31,0,1407
1660,3,A股：炸裂的一幕，明天，十月收官战是黑还是红？,2024-10-31,0,3441
118,0,A股全天探底回升，创业板指领跌，成交额1.85万亿。今天市场全天探底回升，创业板,2024-10-30,0,1782
188,0,盘后，重磅发布,2024-10-30,0,899
9225,18,周三A股已经收盘，今天市场有几个重要特征，我给大家说一下。,2024-10-30,0,5650
235,1,短期将反弹？,2024-10-30,0,2
283,1,可能诱空挖坑！再次上车机会！,2024-10-30,0,3
236,1,三大原因引发大盘大跌,2024-10-29,0,130
77,0,医药医疗器械活跃，关注五洲医疗。,2024-10-29,0,3
432,0,大盘高开低走个股呈现普跌局面，资金小幅流出紧跟热点高低切换,2024-10-29,0,129
73,0,精专特新：金地集团聚焦高科技创新产业随着房地产行业从土地红利期和金融红利期过渡到,2024-10-28,0,1741
2041,2,并购重组火爆！板块想象空间到底有多大？,2024-10-28,0,11
3548,22,最美基金经理葛兰：三季度增持药明康德、康龙化成！四季度看好创新药械及其产业链！,2024-10-29,0,1
2901,4,大家发现没有，这一波行情首先大涨的都是大票。,2024-10-26,0,5650
197,1,牛市最稳的买股方式，只要买了就能赚，一天可赚赚1739%！！！！！,2024-10-25,0,1
96,0,荣获“新质生产力50强”，东方钽业新质生产力如何锻造？（转载）,2024-10-25,0,711
70,0,医疗器械早盘活跃，五洲医疗蓄势待发。,2024-10-24,0,3
108,1,医疗器械早盘活跃。,2024-10-24,0,3
270,0,巴黎奥运会上，中国乒乓球队大杀四方，然而运动服出现了“卡屁缝”的尴尬。这一细节引,2024-10-24,0,4551
113,0,政策暖风频频 中小企业成新质生产力发展活力源泉,2024-10-23,0,1
104,0,10月23日股市涨停板梯队！（含连板、非连板和首板）连板：9板。华立股份。建筑材,2024-10-23,0,1
372,6,芯片软件暴涨之后跑得最快的是小盘股_宇瞳光学(300790),2024-10-24,2,2801
167,1,2024.10.22盘前牛s命，指数预测和绝密内参，分歧和扩散轮动,2024-10-22,0,2366
85,0,家用医疗器械后起之秀，积极布局听力连锁服务终端可孚医疗(301087)投资要点：,2024-10-22,0,4551
4468,49,未来几年都将会是大科技的行情，精选几十家国内或全球行业头部公司（个人见解，仅作为中长线备选参考）。,2024-11-13,0,1
4605,1,创业板：大科技概念梳理及真正核心龙头概念股一览！1、宁德时代：全球领先的动力电池,2024-10-20,0,1
129,0,这轮行情就是科技股牛市，软件芯片，信息传媒算力等不断新高，光伏锂电池化工化学医疗,2024-10-20,0,8
557,2,本周股票涨幅榜前50排名！（10月14日至10月18日）1、天马新材。本周涨幅1,2024-10-19,0,1
157,0,1家通过审核！营收超500亿,2024-10-17,0,699
64,0,今日强势股2024年10月16日一、领涨板块（涨幅%、领涨股、领涨股涨幅）：（一,2024-10-16,0,1
166,0,刚刚，A股多空激战！地产板块领涨，川渝地区个股掀涨停潮，原因找到了2024年10,2024-10-16,0,2467
81,0,未来存在十倍机会的医疗器械，社保基金提前埋伏进去了，都买成前十大股东了！赶紧收藏,2024-10-16,0,1
130,0,动辄千元，来历不明——揭开地下肉毒素黑色产业链！,2024-10-16,0,1
9443,11,上来就是10亿，回购全部用于注销，这都是良心股！,2024-10-19,0,8
207,1,我先投了1万进去,2024-10-14,1,1
1642,0,【医疗3大细分领域36支龙头股】再分享一下医疗行业的“龙头们”！！（一）医疗领域,2024-10-13,0,1
1843,8,关于中恒集团这些年的布局,2024-10-14,0,37
178,0,特别提示：不会选股不知道买什么  买核心etf  值得收藏1. 上证50ET,2024-10-13,0,1067
270,0,祸兮福所倚，福兮祸所伏——疯涨之后，必有狂跌,2024-10-09,0,58
1020,9,请读者朋友关注最美财经博主：猫神小师妹，是你打好翻身仗的第一步，每天深度解析市场,2024-10-09,0,3
151,1,ETF大全：1一天涨幅可达20cm的ETF牛市”最锋利的矛，刺激科创100ETF,2024-10-09,0,3
83,0,准备调仓医疗器械及农药板快！,2024-10-08,0,26
4192,4,明天大概率千股涨停，很多股票已买不到，可曲线选择部分ETF！,2024-10-08,0,967
267,0,【国庆节后怎么走？】,2024-10-07,0,4454
16000,4,创业板30大核心价值龙头企业一览，值得收藏！第一家：宁德时代，市值11089亿，,2024-10-06,0,1
1630,0,中国股市：或将爆发的六大板块！,2024-10-01,0,8
56,0,近期，随着全球经济环境的微妙变化与国内政策的积极调整，A股市场再次成为热议的话题,2024-09-29,0,128
53,0,熟悉的味道牛市又回来了国防军工空间站大飞机航母导弹科技光刻机半导体芯片软件互联网,2024-09-27,0,119
39,0,中国优质资产，中国高科技的健康医疗器械，是为民健康的基础设备，高端医疗器械是代表,2024-09-27,0,8
1656,2,中国A股有望走出超级大牛市：机遇与挑战并存,2024-09-25,0,173
1634,0,外国医疗器械企业纷纷并购，国内医疗器械企业也将迎来并购潮,2024-09-25,0,173
718,4,投资笔记（2024年9月24日）,2024-09-24,0,155
180,0,【游资牛散已经重仓！】,2024-09-24,0,4454
1107,0,为什么长期来看圣诺生物没有康拓医疗上涨潜力大,2024-09-23,0,173
1300,1,为什么长期来看诺诚健华比康拓医疗的上涨潜力要小,2024-09-23,0,173
868,0,比较德邦科技和康拓医疗长期上涨潜力,2024-09-23,0,173
1369,3,周评：短线继续震荡整理，港股明显跑赢A股！,2024-09-21,0,10
811,0,脑机接口的新突破与挑战：从颅骨开洞到补洞密合,2024-09-20,0,173
147,0,白酒股拉升五个点领涨两市，消费题材全线上涨，反弹行情要来了吗,2024-09-19,0,2366
153,0,马斯克的脑机接口公司喜报：“盲视”已获FDA突破性医疗器械认证！,2024-09-18,0,4551
1145,2,画风突变，人民资产暴涨，为有源头活水来？,2024-09-18,0,1
194,1,A股市场迎来新曙光：多重利好共筑吸引力新高地,2024-09-19,0,2280
319,0,【港股一周回顾】上周，恒生指数走势呈现先抑后扬态势,2024-09-18,0,3
574,5,A古三大指数今日涨跌不一，沪指2700点在盘中失而复得。截止收盘，沪指涨0.49,2024-09-18,0,3
197,0,脑机接口再突破，盲人可以重见光明？,2024-09-18,0,1
259,0,,2024-09-18,2,1
856,0,吾辈当自强！_康拓医疗(688314),2024-09-18,2,173
630,3,以为降息前夕是利多，回头一看2700保卫战打响,2024-09-18,0,1
842,1,脑机接口新突破：马斯克与康拓医疗的潜在合作之路,2024-09-18,0,173
129,0,【十大机构论市！】,2024-09-18,0,4454
622,2,A股：假期消息多空参半，明天（9月18日），股市会怎么走？,2024-09-18,0,6289
340,0,主力资金连续五天净流入34股名单。,2024-09-17,0,2520
541,3,【海药6连板成妖能带动医药吗？】,2024-09-17,0,4454
3418,28,康复养老利空出尽，从绝代双骄看百倍回报！,2024-10-05,0,5
299,0,【被机构围观的股票！】,2024-09-16,0,4454
1044,0,医疗器械：中国企业的崛起之路,2024-09-14,0,173
1902,26,只能分红获利不可减持圈钱，重构中国指数成份股开启万点长阳,2024-09-16,0,12
729,4,最新消息，重磅消息终于公布，事关我们每一个人！,2024-09-17,0,6638
993,0,全面分析康拓医疗发展壮大和业绩增长的迅猛势头,2024-09-13,0,173
726,2,周四，市场全天冲高回落，三大指数均收跌。贵州茅台跌超3%，股价创下自2022年11月以来新低。,2024-09-12,0,173
168,0,集体暴涨！又做了一次“唯一”,2024-09-12,0,252
643,0,海南海药一字涨停，迎来5连板！,2024-09-12,0,798
921,0,在五千多家上市公司里独选康拓医疗做长线投资的原因,2024-09-12,0,173
372,0,英伟达带飞AI行情！三大指数冲高回落，哪些机会要注意？,2024-09-12,0,5
1282,1,康拓医疗董事长胡立人和华为董事长任正非的相似之处,2024-09-12,0,173
279,2,"央企破发50,$中复神鹰(SH688295)$，每经AI快讯，有投资者在投资者互",2024-09-12,0,157
1537,2,海南海药就是下一个九安医疗：海药看似只持有力声特35%的股份，其他的65%却都在,2024-09-11,0,302
961,5,海南海药就是下一个九安医疗：海药看似只持有力声特35%的股份，其他的65%却都在,2024-09-11,0,302
258,0,盘面拆解——一、直上直下昨天高位股团灭，且都是以早盘天地板的形式兑现，到今天核按,2024-09-10,0,2467
898,1,康拓医疗：将极大地受益于扩大外资医院开放,2024-09-10,0,173
363,4,非理性杀跌阶段产生超额收益！,2024-09-10,0,3
167,1,2024.09.10盘前牛s命，指数预测和绝密内参，开不开很关键，20节点,2024-09-10,0,2366
156,0,因为很多医疗器械都是依靠进口，祖国发展必然要推进国内的医疗器械研发和创新。人口老,2024-09-11,0,0
255,1,医疗软件系统最受益。外资医院，可以用国外医疗器械和治疗药。但是医疗软件必须符合当,2024-09-10,0,111
104,0,医疗服务表现活跃，行情分析及操作思路,2024-09-09,0,2
226,1,市场信心亟待恢复,2024-09-09,0,1
217,0,2024.9.9涨幅榜,2024-09-09,0,325
124,1,如果医疗扩大开放对于医疗器械中耗材类的企业是利好，特别是取得西方认证的耗材类企业,2024-09-12,0,1
554,1,老龙大众交通已废 ，迎接新龙—老百姓！,2024-09-11,0,1
504,1,单二季度归母净利润增长14%，体外诊断业务表现亮眼,2024-09-09,0,4551
130,0,2024年09月09日16:18广东郑重声明：本文是个人投资思路，不构成投资建议,2024-09-09,0,2467
982,4,今天周一的大A，又是雪流成河的一天！指数下挫，继续缩量，前热点龙头四个今天崩了三,2024-09-09,0,4
92,0,新开医疗医院，有利于医疗器械的销售！！！#医疗领域扩大开放，行业影响几何？#,2024-09-09,0,79
116,0,医疗器械国产品牌技术提升更快，性价比很高#医疗领域扩大开放，行业影响几何？#,2024-09-09,0,79
5603,36,操作丨A股再现新低，高位抱团瓦解，底还有多远？今天抄底它！,2024-09-16,0,3
50,0,建医院需要医疗器械#医疗领域扩大开放，行业影响几何？#,2024-09-09,0,6
108,1,医疗器械和医疗服务还有医药最快反应#医疗领域扩大开放，行业影响几何？#,2024-09-09,0,0
1780,6,中证A500ETF速度发行，跟踪指数有多能打？,2024-09-11,0,10
3031,41,下午大盘走势分析：今天收调整阴线概率较大,2024-11-11,0,6
667,2,今天上午大A跌破了2750，又又又创了阶段性新低2735.92点。对于上午的走势,2024-09-09,0,1
95,0,没有意外，上午A股市场果然是跟跌行情。午后的A股有止跌的希望吗？谁能带动Ａ股市场反弹上涨呢？,2024-09-09,0,3567
80,0,医院多了，医疗器械耗材受益是肯定的。最直观明显的利好。耗材体外诊断，，#医疗领域,2024-09-09,0,86
752,3,央视揭秘“快餐式美容”背后！,2024-09-09,0,1
68,0,建民营医院最先受益是医疗器械#医疗领域扩大开放，行业影响几何？#,2024-09-09,0,0
62,0,#医疗领域扩大开放，行业影响几何？#只要是医疗器械行业都是重磅利多今天起飞,2024-09-09,0,5
80,0,好吧，第一个帖子没过，展开说的话，长期来看，我觉得对医疗保险的利好更大，也就是利,2024-09-09,0,24
1193,2,由迈瑞医疗入股惠泰医疗看康拓医疗被医疗巨头入股的可能性,2024-09-08,0,173
428,2,A股近一周机构看好这25股。,2024-09-10,0,2520
336,0,【迈瑞医疗机构关注度第一！】,2024-09-08,0,4454
408,1,券商“航母”要来啦！沪指向上冲关，行情要起飞了吗？,2024-09-06,0,5
149,0,房价持续下跌环境下，为筹措医药费卖房后转为租房成常态,2024-09-06,0,173
1675,6,老百姓：5天4板的上涨真相,2024-09-06,0,4
